{
  "portfolio_return_%": 11.28,
  "portfolio_volatility_%": 10.8,
  "portfolio_sharpe": 0.5816,
  "portfolio_var95_hist_%": 1.0386,
  "portfolio_var99_hist_%": 1.4487,
  "portfolio_var95_param_%": 1.0741,
  "portfolio_var99_param_%": 1.5377,
  "portfolio_cvar95_%": 1.2828,
  "portfolio_max_drawdown_%": -10.91,
  "daily_returns": [
    0.019453,
    0.002715,
    0.007477,
    0.01389,
    -0.007699,
    -0.004423,
    0.00847,
    0.006133,
    0.002702,
    0.001326,
    -0.004155,
    -0.004227,
    0.00817,
    -0.007296,
    -0.002889,
    -0.003361,
    -0.004039,
    -0.00135,
    0.005178,
    -0.009376,
    0.008956,
    -0.003126,
    0.008433,
    -0.00783,
    -0.010387,
    -0.007009,
    -0.000331,
    0.004666,
    -0.002103,
    -0.004395,
    -0.007415,
    0.000121,
    0.000687,
    -0.004224,
    0.003481,
    -0.010895,
    0.009324,
    0.007831,
    0.005732,
    -0.005543,
    0.01208,
    0.00351,
    0.008125,
    -0.003468,
    -0.011791,
    0.004001,
    -0.005874,
    0.005668,
    -0.008221,
    -0.007722,
    -0.000203,
    -0.007852,
    -0.006257,
    -0.008571,
    0.012432,
    -0.002352,
    0.005775,
    -0.001683,
    0.002923,
    0.017683,
    0.002425,
    -0.001627,
    -0.003021,
    -0.000822,
    0.004352,
    0.002767,
    0.000398,
    -0.003235,
    0.001024,
    -0.005899,
    0.000678,
    0.000629,
    -0.009783,
    -0.010567,
    -0.014803,
    0.015789,
    0.008277,
    0.003692,
    0.01246,
    -0.022545,
    0.007948,
    -0.004898,
    0.005774,
    -0.008303,
    -0.007662,
    -0.002773,
    0.001357,
    -0.001623,
    -0.000796,
    -0.003557,
    0.005883,
    -0.003435,
    -0.005622,
    -0.007311,
    -0.00219,
    -0.006818,
    0.005376,
    -0.000818,
    0.002339,
    -0.004501,
    -0.015125,
    -0.007235,
    0.007389,
    0.000316,
    -0.008356,
    0.006633,
    0.009163,
    0.000622,
    -0.002572,
    0.005822,
    -0.014141,
    4.9e-05,
    0.003051,
    0.009808,
    0.014585,
    0.002657,
    -0.002163,
    -0.00769,
    0.009849,
    -0.002373,
    6.4e-05,
    -0.009573,
    -0.001774,
    -0.013834,
    0.000513,
    0.007858,
    -0.00318,
    0.002123,
    0.007441,
    -0.009667,
    -0.012273,
    0.004095,
    -0.00446,
    0.009305,
    -0.012981,
    -0.000807,
    -0.004732,
    0.006722,
    0.011307,
    0.003197,
    0.003554,
    0.000319,
    -0.012949,
    -0.000501,
    -0.005602,
    0.003152,
    -0.000374,
    -0.005372,
    0.013855,
    0.00785,
    -0.009092,
    0.004719,
    0.005364,
    0.003173,
    0.006003,
    0.000695,
    0.008514,
    0.004131,
    -0.004122,
    0.008513,
    -0.010926,
    -0.001105,
    0.005307,
    0.001999,
    0.008981,
    0.001895,
    0.002003,
    -0.000446,
    -0.004888,
    -0.007673,
    -0.008233,
    0.000696,
    -0.005667,
    0.008318,
    0.005993,
    0.002219,
    -0.006695,
    0.007148,
    0.002646,
    0.018674,
    0.004246,
    -0.002627,
    -0.00777,
    -0.000468,
    -0.00202,
    0.01169,
    0.006813,
    -0.002928,
    -0.003005,
    -0.008127,
    0.003462,
    -0.001353,
    0.010925,
    -0.012019,
    0.01108,
    0.000212,
    -0.004881,
    -0.003956,
    -0.00251,
    -0.017561,
    0.003286,
    -0.00192,
    0.016179,
    0.011391,
    -0.001105,
    0.006334,
    -0.001568,
    0.00156,
    0.004657,
    0.01183,
    -0.00508,
    0.009266,
    0.011313,
    0.000261,
    -0.007736,
    0.003937,
    -0.007213,
    -0.005028,
    -0.004163,
    0.001204,
    -0.00535,
    0.000182,
    0.000629,
    -0.012566,
    -0.001024,
    0.001548,
    -0.004805,
    -0.007845,
    -0.000824,
    0.00471,
    0.006274,
    -0.000656,
    -0.001788,
    -0.005032,
    0.000947,
    0.006625,
    -0.004935,
    -0.003743,
    -0.004756,
    0.005319,
    -0.008623,
    -0.002399,
    0.004226,
    0.017339,
    0.002976,
    0.002092,
    0.000184,
    -0.005284,
    0.005184,
    0.011017,
    -0.006916,
    0.007046,
    0.002036,
    0.005136,
    -0.007318,
    -0.004593,
    0.009946,
    -0.006624,
    0.002954,
    -0.01128,
    0.002911,
    0.001596,
    -0.015392,
    0.001343,
    -0.000852,
    0.00334,
    0.001003,
    -0.00702,
    0.006231,
    0.002177,
    0.005181,
    -0.007035,
    -0.005408,
    -0.002731,
    0.001094,
    -0.001498,
    0.003684,
    -0.005219,
    0.002483,
    0.006921,
    0.003767,
    -0.00447,
    0.013188,
    -0.007936,
    0.015193,
    -0.015865,
    -0.001323,
    0.006,
    0.002965,
    0.005561,
    0.001792,
    -0.000866,
    -0.003079,
    -0.004807,
    -0.000843,
    -0.0107,
    0.009453,
    0.002868,
    0.003248,
    -0.005591,
    -0.003866,
    0.00294,
    0.018741,
    -0.006601,
    -0.00748,
    0.002415,
    -0.000364,
    -0.007715,
    0.007717,
    -0.004022,
    -0.003264,
    0.004856,
    0.007748,
    -0.011493,
    0.00965,
    0.010654,
    0.003662,
    -0.013241,
    -9.7e-05,
    0.002355,
    0.000364,
    0.016128,
    -0.000253,
    0.005565,
    -0.003148,
    0.002772,
    -0.00247,
    0.007276,
    -0.004572,
    -0.004759,
    0.009979,
    -0.013382,
    -0.004811,
    -0.000538,
    0.006815,
    -0.001929,
    -0.000656,
    -0.005803,
    -0.000712,
    0.001656,
    0.006496,
    -0.002555,
    -0.007092,
    0.00423,
    0.00842,
    -0.001295,
    -0.005141,
    -0.008207,
    0.001245,
    -0.014728,
    -0.001214,
    0.013373,
    0.00032,
    0.005804,
    -0.000826,
    -0.007887,
    0.00636,
    -0.005864,
    -0.001929,
    -0.008375,
    0.004714,
    0.003472,
    0.002001,
    0.005068,
    0.002582,
    -0.001152,
    -0.00272,
    0.017478,
    0.005888,
    -0.007669,
    -0.006743,
    -0.003738,
    0.013751,
    0.014045,
    0.003136,
    0.004722,
    -0.001495,
    -0.000703,
    0.018177,
    0.005446,
    -0.002918,
    -0.001509,
    -0.010351,
    0.001221,
    -0.000578,
    -0.005933,
    0.007684,
    0.010329,
    0.010807,
    -0.004528,
    -0.011854,
    0.006842,
    -0.005028,
    0.003634,
    0.00567,
    -0.005677,
    -0.005187,
    0.002346,
    0.006671,
    0.010898,
    -0.007525,
    -0.003944,
    0.001944,
    -0.004532,
    0.005036,
    -0.002061,
    0.003065,
    0.005594,
    -0.002812,
    -0.003678,
    -0.001684,
    -0.002665,
    -0.012591,
    0.009608,
    -0.001393,
    -0.005855,
    0.005888,
    0.001907,
    0.008489,
    0.005943,
    0.011965,
    0.0124,
    -0.004334,
    0.003203,
    0.004281,
    -0.006013,
    0.000967,
    0.001326,
    0.0012,
    -0.007398,
    -0.005761,
    -0.005707,
    0.001266,
    0.01406,
    0.008539,
    -0.004743,
    0.014112,
    -0.007444,
    -0.004891,
    0.003848,
    0.002527,
    0.000137,
    -0.00455,
    -0.004823,
    -0.010538,
    0.00818,
    0.000435,
    -0.007187,
    -0.005468,
    0.000996,
    -5e-06,
    -0.000441,
    -0.001795,
    0.00489,
    -0.007678,
    -0.004185,
    0.000767,
    -0.004993,
    -0.006824,
    0.010852,
    -0.004562,
    0.000979,
    -0.001322,
    0.001872,
    0.005423,
    -0.004376,
    0.005529,
    0.00184,
    -0.001875,
    0.006488,
    0.00402,
    0.007945,
    -0.007314,
    0.014866,
    0.003579,
    -0.00756,
    -0.00694,
    -0.001925,
    0.014106,
    0.009698,
    0.00099,
    -0.005499,
    -0.011922,
    0.000733,
    -0.008338,
    -0.006799,
    -0.001792,
    -0.008818,
    0.00745,
    -0.000173,
    -0.000271,
    0.002938,
    -0.005789,
    -0.001722,
    0.007591,
    -0.00098,
    0.004753,
    -0.000157,
    -0.00217,
    0.003968,
    0.001347,
    -0.004746,
    0.013612,
    0.002367,
    0.003454,
    -0.005342,
    -0.005757,
    0.005204,
    -0.007457,
    -0.000604,
    -0.009687,
    0.002321,
    -0.007821,
    -0.000856,
    -0.001316,
    0.004557,
    -0.006173,
    -0.002431,
    0.005093,
    0.002317,
    -0.010081,
    0.013411,
    -0.003189,
    -0.000192,
    -0.009286,
    -0.00971,
    -0.006143,
    -0.003854,
    0.003075,
    -0.002337,
    -0.004953,
    -0.005142,
